{
  "n_seeds": 5,
  "seeds": [
    0,
    1,
    2,
    3,
    4
  ],
  "tasks": [
    "phono_sst2",
    "lex_cola",
    "syn_boolq"
  ],
  "stats": {
    "immediate": {
      "phono_sst2": {
        "mean": 0.9280392156862746,
        "std": 0.008912406413618451,
        "per_seed": [
          0.9323529411764706,
          0.9352941176470588,
          0.9107843137254902,
          0.9333333333333333,
          0.9284313725490196
        ]
      },
      "lex_cola": {
        "mean": 0.8331372549019609,
        "std": 0.005384129497155267,
        "per_seed": [
          0.8284313725490197,
          0.8431372549019608,
          0.8333333333333334,
          0.8323529411764706,
          0.8284313725490197
        ]
      },
      "syn_boolq": {
        "mean": 0.6523529411764706,
        "std": 0.014681024743007729,
        "per_seed": [
          0.6696078431372549,
          0.6696078431372549,
          0.6333333333333333,
          0.6450980392156863,
          0.6441176470588236
        ]
      }
    },
    "final": {
      "phono_sst2": {
        "mean": 0.5674509803921569,
        "std": 0.01285951657234568,
        "per_seed": [
          0.5527450980392157,
          0.5803921568627451,
          0.5509803921568628,
          0.5749019607843138,
          0.5782352941176471
        ]
      },
      "lex_cola": {
        "mean": 0.7038431372549019,
        "std": 0.019422496538295086,
        "per_seed": [
          0.6992156862745098,
          0.6992156862745098,
          0.6741176470588235,
          0.7333333333333333,
          0.7133333333333334
        ]
      },
      "syn_boolq": {
        "mean": 0.6523529411764706,
        "std": 0.014681024743007729,
        "per_seed": [
          0.6696078431372549,
          0.6696078431372549,
          0.6333333333333333,
          0.6450980392156863,
          0.6441176470588236
        ]
      }
    },
    "forgetting": {
      "phono_sst2": {
        "mean": 0.3605882352941176,
        "std": 0.010073165634383856,
        "per_seed": [
          0.37960784313725493,
          0.3549019607843137,
          0.3598039215686274,
          0.3584313725490196,
          0.35019607843137257
        ]
      },
      "lex_cola": {
        "mean": 0.12929411764705886,
        "std": 0.021106128633591983,
        "per_seed": [
          0.12921568627450986,
          0.14392156862745098,
          0.15921568627450988,
          0.09901960784313735,
          0.11509803921568629
        ]
      },
      "syn_boolq": {
        "mean": 0.0,
        "std": 0.0,
        "per_seed": [
          0.0,
          0.0,
          0.0,
          0.0,
          0.0
        ]
      }
    }
  },
  "wall_time_s_per_seed": [
    766.7916650772095,
    783.2036600112915,
    770.1671991348267,
    795.335560798645,
    765.3638970851898
  ],
  "wall_time_s_total": 3880.8619821071625
}