{
  "n_seeds": 5,
  "seeds": [
    0,
    1,
    2,
    3,
    4
  ],
  "tasks": [
    "phono_sst2",
    "lex_cola",
    "syn_boolq"
  ],
  "stats": {
    "immediate": {
      "phono_sst2": {
        "mean": 0.9280392156862746,
        "std": 0.008912406413618451,
        "per_seed": [
          0.9323529411764706,
          0.9352941176470588,
          0.9107843137254902,
          0.9333333333333333,
          0.9284313725490196
        ]
      },
      "lex_cola": {
        "mean": 0.8207843137254901,
        "std": 0.005128116404165517,
        "per_seed": [
          0.8205882352941176,
          0.8294117647058824,
          0.8225490196078431,
          0.8166666666666667,
          0.8147058823529412
        ]
      },
      "syn_boolq": {
        "mean": 0.6488235294117646,
        "std": 0.015801050680710443,
        "per_seed": [
          0.6568627450980392,
          0.6323529411764706,
          0.6725490196078432,
          0.6303921568627451,
          0.6519607843137255
        ]
      }
    },
    "final": {
      "phono_sst2": {
        "mean": 0.6018039215686274,
        "std": 0.049225200236580155,
        "per_seed": [
          0.5605882352941176,
          0.5941176470588235,
          0.5523529411764706,
          0.611764705882353,
          0.6901960784313725
        ]
      },
      "lex_cola": {
        "mean": 0.7110588235294117,
        "std": 0.02404135869922029,
        "per_seed": [
          0.7005882352941176,
          0.7033333333333334,
          0.6754901960784314,
          0.7401960784313726,
          0.735686274509804
        ]
      },
      "syn_boolq": {
        "mean": 0.6488235294117646,
        "std": 0.015801050680710443,
        "per_seed": [
          0.6568627450980392,
          0.6323529411764706,
          0.6725490196078432,
          0.6303921568627451,
          0.6519607843137255
        ]
      }
    },
    "forgetting": {
      "phono_sst2": {
        "mean": 0.32623529411764707,
        "std": 0.04711375878467407,
        "per_seed": [
          0.371764705882353,
          0.3411764705882353,
          0.3584313725490196,
          0.32156862745098036,
          0.2382352941176471
        ]
      },
      "lex_cola": {
        "mean": 0.1097254901960784,
        "std": 0.02762427095908164,
        "per_seed": [
          0.12,
          0.12607843137254904,
          0.1470588235294117,
          0.07647058823529407,
          0.07901960784313722
        ]
      },
      "syn_boolq": {
        "mean": 0.0,
        "std": 0.0,
        "per_seed": [
          0.0,
          0.0,
          0.0,
          0.0,
          0.0
        ]
      }
    }
  },
  "wall_time_s_per_seed": [
    805.3698999881744,
    795.1461429595947,
    781.4398872852325,
    795.0582897663116,
    797.7476630210876
  ],
  "wall_time_s_total": 3974.761883020401
}