{
  "n_seeds": 5,
  "ewc_lambda": 5.0,
  "kl_weight": 0.3,
  "strategies": {
    "without": {
      "task0": {
        "mean": 0.2890357876307637,
        "std": 0.06975373467393096
      },
      "task1": {
        "mean": 0.43772286278285055,
        "std": 0.06898631581744005
      },
      "task2": {
        "mean": 0.815306345057415,
        "std": 0.03979737507796099
      }
    },
    "with_prior": {
      "task0": {
        "mean": 0.9020880274077703,
        "std": 0.0657770749585254
      },
      "task1": {
        "mean": 0.2018325165809005,
        "std": 0.01436186844069477
      },
      "task2": {
        "mean": 0.004427161977546936,
        "std": 0.00026873696102540134
      }
    },
    "with_ewc": {
      "task0": {
        "mean": 0.8075253750743879,
        "std": 0.058229595340136026
      },
      "task1": {
        "mean": 0.25558643341184656,
        "std": 0.13403911792307527
      },
      "task2": {
        "mean": 0.24311107548217606,
        "std": 0.05752565357475029
      }
    }
  }
}