{
  "n_seeds": 5,
  "grid": 32,
  "setup": "multimodal targets (2-3 Gaussian peaks per task)",
  "ewc_lambda": 5.0,
  "kl_weight": 0.3,
  "strategies": {
    "without": {
      "task0": {
        "mean": 0.2331638102460519,
        "std": 0.1317216643863244
      },
      "task1": {
        "mean": 0.3019040048751453,
        "std": 0.16591111653095086
      },
      "task2": {
        "mean": 0.42297213771460596,
        "std": 0.18174404025960716
      }
    },
    "with_prior": {
      "task0": {
        "mean": 0.8021731004197304,
        "std": 0.08264211503495575
      },
      "task1": {
        "mean": 0.33942140723094544,
        "std": 0.0645111621835226
      },
      "task2": {
        "mean": 0.04662074147978382,
        "std": 0.004355607855073228
      }
    },
    "with_ewc": {
      "task0": {
        "mean": 0.6393426494161498,
        "std": 0.123355634539101
      },
      "task1": {
        "mean": 0.43278552721119184,
        "std": 0.11973739792207452
      },
      "task2": {
        "mean": 0.29604332915633635,
        "std": 0.11177536320549092
      }
    }
  }
}